"Answer1","Answer2","Answer3","Answer4","Answer5","Answer6"
"pool","study","nice","watch a movie","field trip","how LLMs work"
"beach","learn","nice","have a snack","field trip","how I should be using genAI"
"lake","eat","bland","swim","tornado","things and stuff"
"pool","learn","bad","sleep","trip","life"
"pool","Sing","creepy","go to the club","dance","cows"
"pool","study","good","sleep","dance","life"
"lake","study","bad","swim","dance","life"
"pool","study","gorgeous","walk","trip","stuff"

